Date,Close
3/3/2015 17:30:00,111
3/4/2015 17:30:00,113
3/5/2015 17:30:00,114.5
3/6/2015 17:30:00,115.3
3/9/2015 17:30:00,114.35
3/10/2015 17:30:00,113.7
3/11/2015 17:30:00,119.35
3/12/2015 17:30:00,118.55
3/13/2015 17:30:00,119.95
3/16/2015 17:30:00,122.6
3/17/2015 17:30:00,121
3/18/2015 17:30:00,115.9
3/19/2015 17:30:00,116.6
3/20/2015 17:30:00,116.75
3/23/2015 17:30:00,113.75
3/24/2015 17:30:00,115.1
3/25/2015 17:30:00,114.15
3/26/2015 17:30:00,116.45
3/27/2015 17:30:00,116.1
3/30/2015 17:30:00,118
3/31/2015 17:30:00,116.45
4/1/2015 17:30:00,115.5
4/2/2015 17:30:00,114.95
4/7/2015 17:30:00,114.9
4/8/2015 17:30:00,113.25
4/9/2015 17:30:00,116.2
4/10/2015 17:30:00,117.35
4/13/2015 17:30:00,116.25
4/14/2015 17:30:00,115.15
4/15/2015 17:30:00,115.4
4/16/2015 17:30:00,112.9
4/17/2015 17:30:00,110.4
4/20/2015 17:30:00,111.7
4/21/2015 17:30:00,112
4/22/2015 17:30:00,110
4/23/2015 17:30:00,110.25
4/24/2015 17:30:00,110.45
4/27/2015 17:30:00,113
4/28/2015 17:30:00,109.85
4/29/2015 17:30:00,106.35
4/30/2015 17:30:00,106.1
5/4/2015 17:30:00,106.75
5/5/2015 17:30:00,106.5
5/6/2015 17:30:00,104.1
5/7/2015 17:30:00,104.6
5/8/2015 17:30:00,109.5
5/11/2015 17:30:00,109.3
5/12/2015 17:30:00,106.35
5/13/2015 17:30:00,104.9
5/14/2015 17:30:00,104.6
5/15/2015 17:30:00,102
5/18/2015 17:30:00,103.35
5/19/2015 17:30:00,107.15
5/20/2015 17:30:00,106.45
5/21/2015 17:30:00,105.35
5/22/2015 17:30:00,104.8
5/26/2015 17:30:00,103.6
5/27/2015 17:30:00,104.9
5/28/2015 17:30:00,103.05
5/29/2015 17:30:00,100.7
6/1/2015 17:30:00,100.75
6/2/2015 17:30:00,100.2
6/3/2015 17:30:00,101.25
6/4/2015 17:30:00,100.3
6/5/2015 17:30:00,99.59
6/8/2015 17:30:00,97.37
6/9/2015 17:30:00,98.04
6/10/2015 17:30:00,100.8
6/11/2015 17:30:00,101.25
6/12/2015 17:30:00,99.92
6/15/2015 17:30:00,98.59
6/16/2015 17:30:00,98.35
6/17/2015 17:30:00,97.01
6/18/2015 17:30:00,97.88
6/19/2015 17:30:00,97.74
6/22/2015 17:30:00,102.3
6/23/2015 17:30:00,104.35
6/24/2015 17:30:00,103.25
6/25/2015 17:30:00,103.7
6/26/2015 17:30:00,103.5
6/29/2015 17:30:00,99.3
6/30/2015 17:30:00,98.18
7/1/2015 17:30:00,100.5
7/2/2015 17:30:00,99.2
7/3/2015 17:30:00,98.9
7/6/2015 17:30:00,97.26
7/7/2015 17:30:00,93.9
7/8/2015 17:30:00,92.09
7/9/2015 17:30:00,93.99
7/10/2015 17:30:00,95.2
7/13/2015 17:30:00,94.97
7/14/2015 17:30:00,94.67
7/15/2015 17:30:00,93.55
7/16/2015 17:30:00,95.74
7/17/2015 17:30:00,95.58
7/20/2015 17:30:00,95.61
7/21/2015 17:30:00,95.14
7/22/2015 17:30:00,94.13
7/23/2015 17:30:00,93.69
7/24/2015 17:30:00,91.64
7/27/2015 17:30:00,89.08
7/28/2015 17:30:00,90.18
7/29/2015 17:30:00,89.48
7/30/2015 17:30:00,89.86
7/31/2015 17:30:00,91.3
8/3/2015 17:30:00,92.06
8/4/2015 17:30:00,90.88
8/5/2015 17:30:00,92.97
8/6/2015 17:30:00,92.18
8/7/2015 17:30:00,92.88
8/10/2015 17:30:00,93.4
8/11/2015 17:30:00,89.42
8/12/2015 17:30:00,86.09
8/13/2015 17:30:00,86.19
8/14/2015 17:30:00,86.15
8/17/2015 17:30:00,86.63
8/18/2015 17:30:00,85.87
8/19/2015 17:30:00,83.87
8/20/2015 17:30:00,82
8/21/2015 17:30:00,80.13
8/24/2015 17:30:00,76.93
8/25/2015 17:30:00,81.82
8/26/2015 17:30:00,80.62
8/27/2015 17:30:00,82.95
8/28/2015 17:30:00,82.94
8/31/2015 17:30:00,82.22
9/1/2015 17:30:00,80.1
9/2/2015 17:30:00,79.55
9/3/2015 17:30:00,82.16
9/4/2015 17:30:00,80.32
9/7/2015 17:30:00,80.94
9/8/2015 17:30:00,84.04
9/9/2015 17:30:00,85.54
9/10/2015 17:30:00,86.06
9/11/2015 17:30:00,85.53
9/14/2015 17:30:00,85.34
9/15/2015 17:30:00,87.23
9/16/2015 17:30:00,87.42
9/17/2015 17:30:00,88.26
9/18/2015 17:30:00,85.71
9/21/2015 17:30:00,84.4
9/22/2015 17:30:00,79.32
9/23/2015 17:30:00,79.79
9/24/2015 17:30:00,75.68
9/25/2015 17:30:00,78.89
9/28/2015 17:30:00,76.59
9/29/2015 17:30:00,76.37
9/30/2015 17:30:00,79.22
10/1/2015 17:30:00,78.33
10/2/2015 17:30:00,78.21
10/5/2015 17:30:00,81.17
10/6/2015 17:30:00,82.22
10/7/2015 17:30:00,85.74
10/8/2015 17:30:00,86.2
10/9/2015 17:30:00,87.8
10/12/2015 17:30:00,89.25
10/13/2015 17:30:00,88.11
10/14/2015 17:30:00,86.74
10/15/2015 17:30:00,87.01
10/16/2015 17:30:00,86.74
10/19/2015 17:30:00,87.69
10/20/2015 17:30:00,87.28
10/21/2015 17:30:00,88
10/22/2015 17:30:00,90.35
10/23/2015 17:30:00,93.29
10/26/2015 17:30:00,92.91
10/27/2015 17:30:00,92.38
10/28/2015 17:30:00,92.97
10/29/2015 17:30:00,93.34
10/30/2015 17:30:00,93.36
11/2/2015 17:30:00,94.36
11/3/2015 17:30:00,93.57
11/4/2015 17:30:00,92.45
11/5/2015 17:30:00,92.78
11/6/2015 17:30:00,96.03
11/9/2015 17:30:00,94.96
11/10/2015 17:30:00,95.93
11/11/2015 17:30:00,96.18
11/12/2015 17:30:00,94.46
11/13/2015 17:30:00,94.54
11/16/2015 17:30:00,94.71
11/17/2015 17:30:00,97.26
11/18/2015 17:30:00,97.45
11/19/2015 17:30:00,98.73
11/20/2015 17:30:00,99.17
11/23/2015 17:30:00,98.45
11/24/2015 17:30:00,96.76
11/25/2015 17:30:00,99.5
11/26/2015 17:30:00,100.85
11/27/2015 17:30:00,101.5
11/30/2015 17:30:00,103.3
12/1/2015 17:30:00,103.3
12/2/2015 17:30:00,102.65
12/3/2015 17:30:00,98.34
12/4/2015 17:30:00,98.17
12/7/2015 17:30:00,99.99
12/8/2015 17:30:00,97.2
12/9/2015 17:30:00,97.14
12/10/2015 17:30:00,97.27
12/11/2015 17:30:00,94.11
12/14/2015 17:30:00,91.9
12/15/2015 17:30:00,94.69
12/16/2015 17:30:00,95.49
12/17/2015 17:30:00,98.72
12/18/2015 17:30:00,96.71
12/21/2015 17:30:00,95.5
12/22/2015 17:30:00,96.35
12/23/2015 17:30:00,98.55
12/28/2015 17:30:00,97.35
12/29/2015 17:30:00,98.56
12/30/2015 17:30:00,97.63
1/4/2016 17:30:00,92.25
1/5/2016 17:30:00,91.82
1/6/2016 17:30:00,88.78
1/7/2016 17:30:00,85.44
1/8/2016 17:30:00,83.44
1/11/2016 17:30:00,83.14
1/12/2016 17:30:00,84.85
1/13/2016 17:30:00,82.89
1/14/2016 17:30:00,80.11
1/15/2016 17:30:00,78.02
1/18/2016 17:30:00,78.1
1/19/2016 17:30:00,78.86
1/20/2016 17:30:00,76.77
1/21/2016 17:30:00,78.7
1/22/2016 17:30:00,79.71
1/25/2016 17:30:00,78.92
1/26/2016 17:30:00,79.4
1/27/2016 17:30:00,79.96
1/28/2016 17:30:00,77.62
1/29/2016 17:30:00,76.66
2/1/2016 17:30:00,75.47
2/2/2016 17:30:00,74.03
2/3/2016 17:30:00,72.7
2/4/2016 17:30:00,71.49
2/5/2016 17:30:00,72.41
2/8/2016 17:30:00,69.3
2/9/2016 17:30:00,67.83
2/10/2016 17:30:00,69.08
2/11/2016 17:30:00,67.18
2/12/2016 17:30:00,70.26
2/15/2016 17:30:00,73.08
2/16/2016 17:30:00,72.82
2/17/2016 17:30:00,75.39
2/18/2016 17:30:00,75.35
2/19/2016 17:30:00,73.83
2/22/2016 17:30:00,75.2
2/23/2016 17:30:00,73.14
2/24/2016 17:30:00,70.2
2/25/2016 17:30:00,71.3
2/26/2016 17:30:00,73.89
2/29/2016 17:30:00,75.15
3/1/2016 17:30:00,78.31
3/2/2016 17:30:00,80.43
3/3/2016 17:30:00,81.15
3/4/2016 17:30:00,82.63
3/7/2016 17:30:00,81.87
3/8/2016 17:30:00,80.02
3/9/2016 17:30:00,78.54
3/10/2016 17:30:00,75.42
3/11/2016 17:30:00,78.72
3/14/2016 17:30:00,80.23
3/15/2016 17:30:00,79.56
3/16/2016 17:30:00,82.63
3/17/2016 17:30:00,81.02
3/18/2016 17:30:00,81.58
3/21/2016 17:30:00,81.2
3/22/2016 17:30:00,81.38
3/23/2016 17:30:00,81.06
3/24/2016 17:30:00,79.58
3/29/2016 17:30:00,80.45
3/30/2016 17:30:00,82.11
3/31/2016 17:30:00,80.7
4/1/2016 17:30:00,78
4/4/2016 17:30:00,77.54
4/5/2016 17:30:00,74.63
4/6/2016 17:30:00,75
4/7/2016 17:30:00,73.85
4/8/2016 17:30:00,74.3
4/11/2016 17:30:00,74.79
4/12/2016 17:30:00,75.35
4/13/2016 17:30:00,78
4/14/2016 17:30:00,79.2
4/15/2016 17:30:00,78.37
4/18/2016 17:30:00,80.41
4/19/2016 17:30:00,83.07
4/20/2016 17:30:00,84.02
4/21/2016 17:30:00,84.15
4/22/2016 17:30:00,82.78
4/25/2016 17:30:00,81.94
4/26/2016 17:30:00,82.6
4/27/2016 17:30:00,83.36
4/28/2016 17:30:00,83.94
4/29/2016 17:30:00,80.5
5/2/2016 17:30:00,81.12
5/3/2016 17:30:00,78.03
5/4/2016 17:30:00,76.45
5/5/2016 17:30:00,75.53
5/6/2016 17:30:00,75.69
5/9/2016 17:30:00,76.52
5/10/2016 17:30:00,78.01
5/11/2016 17:30:00,76.9
5/12/2016 17:30:00,75.72
5/13/2016 17:30:00,73.77
5/17/2016 17:30:00,71.56
5/18/2016 17:30:00,70.99
5/19/2016 17:30:00,70.66
5/20/2016 17:30:00,71.7
5/23/2016 17:30:00,70.82
5/24/2016 17:30:00,72.14
5/25/2016 17:30:00,73.86
5/26/2016 17:30:00,75.45
5/27/2016 17:30:00,75.16
5/30/2016 17:30:00,75.76
5/31/2016 17:30:00,75.89
6/1/2016 17:30:00,73.93
6/2/2016 17:30:00,74.05
6/3/2016 17:30:00,72.27
6/6/2016 17:30:00,72.24
6/7/2016 17:30:00,73.83
6/8/2016 17:30:00,73
6/9/2016 17:30:00,71.84
6/10/2016 17:30:00,70.7
6/13/2016 17:30:00,69.34
6/14/2016 17:30:00,67.6
6/15/2016 17:30:00,68.56
6/16/2016 17:30:00,68.3
6/17/2016 17:30:00,68.97
6/20/2016 17:30:00,72.24
6/21/2016 17:30:00,72.64
6/22/2016 17:30:00,72.47
6/23/2016 17:30:00,74.25
6/24/2016 17:30:00,68.66
6/27/2016 17:30:00,65.67
6/28/2016 17:30:00,65.83
6/29/2016 17:30:00,65.88
6/30/2016 17:30:00,65.79
7/1/2016 17:30:00,67.79
7/4/2016 17:30:00,66.79
7/5/2016 17:30:00,65.21
7/6/2016 17:30:00,65.1
7/7/2016 17:30:00,65.6
7/8/2016 17:30:00,68.44
7/11/2016 17:30:00,70.04
7/12/2016 17:30:00,73.31
7/13/2016 17:30:00,72.98
7/14/2016 17:30:00,74.74
7/15/2016 17:30:00,74.66
7/18/2016 17:30:00,74.91
7/19/2016 17:30:00,73.58
7/20/2016 17:30:00,75.39
7/21/2016 17:30:00,75.98
7/22/2016 17:30:00,75.5
7/25/2016 17:30:00,76.14
7/26/2016 17:30:00,76.78
7/27/2016 17:30:00,78.36
7/28/2016 17:30:00,75.97
7/29/2016 17:30:00,77.05
8/1/2016 17:30:00,77.13
8/2/2016 17:30:00,75.41
8/3/2016 17:30:00,75.81
8/4/2016 17:30:00,75.84
8/5/2016 17:30:00,77.92
8/8/2016 17:30:00,77.63
8/9/2016 17:30:00,80.29
8/10/2016 17:30:00,80.19
8/11/2016 17:30:00,80.37
8/12/2016 17:30:00,79.63
8/15/2016 17:30:00,80.5
8/16/2016 17:30:00,79.49
8/17/2016 17:30:00,78.55
8/18/2016 17:30:00,78.84
8/19/2016 17:30:00,77.32
8/22/2016 17:30:00,76.95
8/23/2016 17:30:00,77.48
8/24/2016 17:30:00,77.51
8/25/2016 17:30:00,76.22
8/26/2016 17:30:00,77.23
8/29/2016 17:30:00,76.88
8/30/2016 17:30:00,78.46
8/31/2016 17:30:00,78.01
9/1/2016 17:30:00,77.93
9/2/2016 17:30:00,78.57
9/5/2016 17:30:00,78.24
9/6/2016 17:30:00,77.55
9/7/2016 17:30:00,78.24
9/8/2016 17:30:00,77.44
9/9/2016 17:30:00,76.93
9/12/2016 17:30:00,75.58
9/13/2016 17:30:00,75.41
9/14/2016 17:30:00,75.1
9/15/2016 17:30:00,75.3
9/16/2016 17:30:00,73.42
9/19/2016 17:30:00,73.97
9/20/2016 17:30:00,74.09
9/21/2016 17:30:00,74.36
9/22/2016 17:30:00,76.28
9/23/2016 17:30:00,75.59
9/26/2016 17:30:00,73.73
9/27/2016 17:30:00,73.18
9/28/2016 17:30:00,73.68
9/29/2016 17:30:00,73.7
9/30/2016 17:30:00,74.81
10/4/2016 17:30:00,77.29
10/5/2016 17:30:00,78.18
10/6/2016 17:30:00,78.3
10/7/2016 17:30:00,77.41
10/10/2016 17:30:00,78.09
10/11/2016 17:30:00,77.66
10/12/2016 17:30:00,77
10/13/2016 17:30:00,75.94
10/14/2016 17:30:00,76.84
10/17/2016 17:30:00,76.34
10/18/2016 17:30:00,77.01
10/19/2016 17:30:00,78.02
10/20/2016 17:30:00,79.17
10/21/2016 17:30:00,78.63
10/24/2016 17:30:00,79.59
10/25/2016 17:30:00,79.63
10/26/2016 17:30:00,80.07
10/27/2016 17:30:00,79.92
10/28/2016 17:30:00,80.17
10/31/2016 17:30:00,79.37
11/1/2016 17:30:00,78.32
11/2/2016 17:30:00,75.4
11/3/2016 17:30:00,75.23
11/4/2016 17:30:00,75.46
11/7/2016 17:30:00,77.2
11/8/2016 17:30:00,77.31
11/9/2016 17:30:00,76.84
11/10/2016 17:30:00,76.78
11/11/2016 17:30:00,80.11
11/14/2016 17:30:00,80.88
11/15/2016 17:30:00,81.53
11/16/2016 17:30:00,80.74
11/17/2016 17:30:00,80.42
11/18/2016 17:30:00,81
11/21/2016 17:30:00,82.37
11/22/2016 17:30:00,83.3
11/23/2016 17:30:00,82.24
11/24/2016 17:30:00,82.51
11/25/2016 17:30:00,82.79
11/28/2016 17:30:00,82.06
11/29/2016 17:30:00,81.2
11/30/2016 17:30:00,80.41
12/1/2016 17:30:00,80.07
12/2/2016 17:30:00,79.82
12/5/2016 17:30:00,82.4
12/6/2016 17:30:00,83.37
12/7/2016 17:30:00,86.32
12/8/2016 17:30:00,88.99
12/9/2016 17:30:00,88.77
12/12/2016 17:30:00,88.09
12/13/2016 17:30:00,88.9
12/14/2016 17:30:00,89.05
12/15/2016 17:30:00,89.75
12/16/2016 17:30:00,90
12/19/2016 17:30:00,90.11
12/20/2016 17:30:00,90.25
12/21/2016 17:30:00,90.07
12/22/2016 17:30:00,89.67
12/23/2016 17:30:00,89.96
12/27/2016 17:30:00,89.7
12/28/2016 17:30:00,89.85
12/29/2016 17:30:00,88.52
12/30/2016 17:30:00,88.75
1/2/2017 17:30:00,89.98
1/3/2017 17:30:00,90.83
1/4/2017 17:30:00,90.18
1/5/2017 17:30:00,90.34
1/6/2017 17:30:00,90.51
1/9/2017 17:30:00,89.83
1/10/2017 17:30:00,89.91
1/11/2017 17:30:00,90.13
1/12/2017 17:30:00,87.46
1/13/2017 17:30:00,87.81
1/16/2017 17:30:00,86.53
1/17/2017 17:30:00,86.47
1/18/2017 17:30:00,87
1/19/2017 17:30:00,86.59
1/20/2017 17:30:00,87.15
1/23/2017 17:30:00,86.26
1/24/2017 17:30:00,87.33
1/25/2017 17:30:00,88.8
1/26/2017 17:30:00,88.13
1/27/2017 17:30:00,87.41
1/30/2017 17:30:00,86.29
1/31/2017 17:30:00,84.17
2/1/2017 17:30:00,84.62
2/2/2017 17:30:00,84.2
2/3/2017 17:30:00,84.03
2/6/2017 17:30:00,82.94
2/7/2017 17:30:00,82.78
2/8/2017 17:30:00,83.49
2/9/2017 17:30:00,84.79
2/10/2017 17:30:00,85.07
2/13/2017 17:30:00,86.69
2/14/2017 17:30:00,86.3
2/15/2017 17:30:00,86.18
2/16/2017 17:30:00,85.45
2/17/2017 17:30:00,85.03
2/20/2017 17:30:00,85.07
2/21/2017 17:30:00,86.53
2/22/2017 17:30:00,86.81
2/23/2017 17:30:00,85.76
2/24/2017 17:30:00,84.25
2/27/2017 17:30:00,84.52
2/28/2017 17:30:00,84.37
3/1/2017 17:30:00,86.67
3/2/2017 17:30:00,87.18
3/3/2017 17:30:00,87
3/6/2017 17:30:00,86.35
3/7/2017 17:30:00,86.32
3/8/2017 17:30:00,86.65
3/9/2017 17:30:00,84.43
3/10/2017 17:30:00,83.54
3/13/2017 17:30:00,83.89
3/14/2017 17:30:00,83.4
3/15/2017 17:30:00,83.19
3/16/2017 17:30:00,83.68
3/17/2017 17:30:00,82.89
3/20/2017 17:30:00,82.5
3/21/2017 17:30:00,82.93
3/22/2017 17:30:00,82.74
3/23/2017 17:30:00,83.08
3/24/2017 17:30:00,83.68
3/27/2017 17:30:00,83.48
3/28/2017 17:30:00,84.48
3/29/2017 17:30:00,84.81
3/30/2017 17:30:00,85.58
3/31/2017 17:30:00,85.51
4/3/2017 17:30:00,84.87
4/4/2017 17:30:00,83.95
4/5/2017 17:30:00,83.24
4/6/2017 17:30:00,82.95
4/7/2017 17:30:00,82.79
4/10/2017 17:30:00,82.71
4/11/2017 17:30:00,82.63
4/12/2017 17:30:00,83.39
4/13/2017 17:30:00,82.83
4/18/2017 17:30:00,82.44
4/19/2017 17:30:00,83.98
4/20/2017 17:30:00,84.08
4/21/2017 17:30:00,84.93
4/24/2017 17:30:00,87.43
4/25/2017 17:30:00,87.77
4/26/2017 17:30:00,88.66
4/27/2017 17:30:00,87.7
4/28/2017 17:30:00,87.65
5/2/2017 17:30:00,87.71
5/3/2017 17:30:00,86.9
5/4/2017 17:30:00,87.3
5/5/2017 17:30:00,89.1
5/8/2017 17:30:00,89.89
5/9/2017 17:30:00,89.53
5/10/2017 17:30:00,90.52
5/11/2017 17:30:00,90.14
5/12/2017 17:30:00,87.24
5/15/2017 17:30:00,87.35
5/16/2017 17:30:00,86.69
5/17/2017 17:30:00,86.43
5/18/2017 17:30:00,85.19
5/19/2017 17:30:00,86.18
5/22/2017 17:30:00,85.9
5/23/2017 17:30:00,86.27
5/24/2017 17:30:00,85.77
5/25/2017 17:30:00,85.24
5/26/2017 17:30:00,84.31
5/29/2017 17:30:00,84.56
5/30/2017 17:30:00,84.24
5/31/2017 17:30:00,83.29
6/1/2017 17:30:00,84.92
6/2/2017 17:30:00,85.93
6/6/2017 17:30:00,84.83
6/7/2017 17:30:00,84.6
6/8/2017 17:30:00,84.11
6/9/2017 17:30:00,84.43
6/12/2017 17:30:00,84.9
6/13/2017 17:30:00,85.06
6/14/2017 17:30:00,84.11
6/15/2017 17:30:00,83.42
6/16/2017 17:30:00,83.36
6/19/2017 17:30:00,84
6/20/2017 17:30:00,83.65
6/21/2017 17:30:00,83.6
6/22/2017 17:30:00,84.17
6/23/2017 17:30:00,83.6
6/26/2017 17:30:00,83.49
6/27/2017 17:30:00,82.86
6/28/2017 17:30:00,83.68
6/29/2017 17:30:00,82.72
6/30/2017 17:30:00,81.28
7/3/2017 17:30:00,82.98
7/4/2017 17:30:00,82.28
7/5/2017 17:30:00,81.53
7/6/2017 17:30:00,81.44
7/7/2017 17:30:00,81.38
7/10/2017 17:30:00,81.62
7/11/2017 17:30:00,83.01
7/12/2017 17:30:00,84.2
7/13/2017 17:30:00,84.36
7/14/2017 17:30:00,83.74
7/17/2017 17:30:00,83.65
7/18/2017 17:30:00,83.28
7/19/2017 17:30:00,83.28
7/20/2017 17:30:00,83.37
7/21/2017 17:30:00,81.19
7/24/2017 17:30:00,78.94
7/25/2017 17:30:00,79.43
7/26/2017 17:30:00,79.11
7/27/2017 17:30:00,78.5
7/28/2017 17:30:00,77.85
7/31/2017 17:30:00,77.71
8/1/2017 17:30:00,78.89
8/2/2017 17:30:00,78.86
8/3/2017 17:30:00,79.38
8/4/2017 17:30:00,81.35
8/7/2017 17:30:00,81
8/8/2017 17:30:00,80.79
8/9/2017 17:30:00,80.07
8/10/2017 17:30:00,80.05
8/11/2017 17:30:00,79.95
8/14/2017 17:30:00,80.2
8/15/2017 17:30:00,80
8/16/2017 17:30:00,80.14
8/17/2017 17:30:00,79.81
8/18/2017 17:30:00,79.54
8/21/2017 17:30:00,78.97
8/22/2017 17:30:00,79.38
8/23/2017 17:30:00,79.11
8/24/2017 17:30:00,79.79
8/25/2017 17:30:00,79.29
8/28/2017 17:30:00,79.21
8/29/2017 17:30:00,78.32
8/30/2017 17:30:00,78.37
8/31/2017 17:30:00,78
9/1/2017 17:30:00,79
9/4/2017 17:30:00,79.13
9/5/2017 17:30:00,80.5
9/6/2017 17:30:00,81.76
9/7/2017 17:30:00,82.65
9/8/2017 17:30:00,82.52
9/11/2017 17:30:00,82.85
9/12/2017 17:30:00,83.6
9/13/2017 17:30:00,84.07
9/14/2017 17:30:00,84.37
9/15/2017 17:30:00,84.83
9/18/2017 17:30:00,84.62
9/19/2017 17:30:00,84.71
9/20/2017 17:30:00,84.46
9/21/2017 17:30:00,85.14
9/22/2017 17:30:00,85.09
9/25/2017 17:30:00,84.78
9/26/2017 17:30:00,84.89
9/27/2017 17:30:00,84.97
9/28/2017 17:30:00,84.42
9/29/2017 17:30:00,85.83
10/2/2017 17:30:00,86.16
10/4/2017 17:30:00,88.48
10/5/2017 17:30:00,88.71
10/6/2017 17:30:00,89.05
10/9/2017 17:30:00,88.87
10/10/2017 17:30:00,88.42
10/11/2017 17:30:00,88.39
10/12/2017 17:30:00,87.82
10/13/2017 17:30:00,87.27
10/16/2017 17:30:00,87.08
10/17/2017 17:30:00,87.44
10/18/2017 17:30:00,88.2
10/19/2017 17:30:00,87.41
10/20/2017 17:30:00,86.3
10/23/2017 17:30:00,86.01
10/24/2017 17:30:00,86.42
10/25/2017 17:30:00,85.46
10/26/2017 17:30:00,86.28
10/27/2017 17:30:00,87.22
10/30/2017 17:30:00,87.5
11/1/2017 17:30:00,89.34
11/2/2017 17:30:00,89.87
11/3/2017 17:30:00,89.57
11/6/2017 17:30:00,89.97
11/7/2017 17:30:00,87.42
11/8/2017 17:30:00,87.24
11/9/2017 17:30:00,86.93
11/10/2017 17:30:00,86.34
11/13/2017 17:30:00,86.2
11/14/2017 17:30:00,86.12
11/15/2017 17:30:00,85.3
11/16/2017 17:30:00,85.33
11/17/2017 17:30:00,84.93
11/20/2017 17:30:00,85.18
11/21/2017 17:30:00,86.78
11/22/2017 17:30:00,86.58
11/23/2017 17:30:00,86.34
11/24/2017 17:30:00,86.38
11/27/2017 17:30:00,85.69
11/28/2017 17:30:00,84.95
11/29/2017 17:30:00,84.73
11/30/2017 17:30:00,84.68
12/1/2017 17:30:00,83.57
12/4/2017 17:30:00,85.33
12/5/2017 17:30:00,85.46
12/6/2017 17:30:00,85.06
12/7/2017 17:30:00,84.85
12/8/2017 17:30:00,85.48
12/11/2017 17:30:00,85.49
12/12/2017 17:30:00,86
12/13/2017 17:30:00,85.71
12/14/2017 17:30:00,86.18
12/15/2017 17:30:00,85.95
12/18/2017 17:30:00,86.96
12/19/2017 17:30:00,87.1
12/20/2017 17:30:00,86.93
12/21/2017 17:30:00,87.84
12/22/2017 17:30:00,87.52
12/27/2017 17:30:00,87.26
12/28/2017 17:30:00,87.14
12/29/2017 17:30:00,86.83
1/2/2018 17:30:00,86.4
1/3/2018 17:30:00,86.86
1/4/2018 17:30:00,87.48
1/5/2018 17:30:00,88.5
1/8/2018 17:30:00,89.67
1/9/2018 17:30:00,90.2
1/10/2018 17:30:00,89.4
1/11/2018 17:30:00,88.69
1/12/2018 17:30:00,89.81
1/15/2018 17:30:00,89.79
1/16/2018 17:30:00,92.64
1/17/2018 17:30:00,92.35
1/18/2018 17:30:00,93.07
1/19/2018 17:30:00,94.68
1/22/2018 17:30:00,96.26
1/23/2018 17:30:00,95.28
1/24/2018 17:30:00,94.35
1/25/2018 17:30:00,93.25
1/26/2018 17:30:00,93.83
1/29/2018 17:30:00,93.54
1/30/2018 17:30:00,92.64
1/31/2018 17:30:00,91.97
2/1/2018 17:30:00,91.5
2/2/2018 17:30:00,90.18
2/5/2018 17:30:00,89.34
2/6/2018 17:30:00,88.13
2/7/2018 17:30:00,89.1
2/8/2018 17:30:00,87.53
2/9/2018 17:30:00,86.64
2/12/2018 17:30:00,87.31
2/13/2018 17:30:00,86.72
2/14/2018 17:30:00,88
2/15/2018 17:30:00,87.43
2/16/2018 17:30:00,88.12
2/19/2018 17:30:00,87.28
2/20/2018 17:30:00,86.8
2/21/2018 17:30:00,86.77
2/22/2018 17:30:00,87.22
2/23/2018 17:30:00,87.05
2/26/2018 17:30:00,87.75
2/27/2018 17:30:00,87.7
2/28/2018 17:30:00,86.82
3/1/2018 17:30:00,85.3
3/2/2018 17:30:00,83.97
3/5/2018 17:30:00,83.49
3/6/2018 17:30:00,84.16
3/7/2018 17:30:00,84.86
3/8/2018 17:30:00,84.97
3/9/2018 17:30:00,85.13
3/12/2018 17:30:00,85.71
3/13/2018 17:30:00,84.63
3/14/2018 17:30:00,84.17
3/15/2018 17:30:00,85.12
3/16/2018 17:30:00,85.86
3/19/2018 17:30:00,85.17
3/20/2018 17:30:00,85.99
3/21/2018 17:30:00,86.1
3/22/2018 17:30:00,85.33
3/23/2018 17:30:00,84.18
3/26/2018 17:30:00,85.21
3/27/2018 17:30:00,85.81
3/28/2018 17:30:00,85.56
3/29/2018 17:30:00,88.15
4/3/2018 17:30:00,88.68
4/4/2018 17:30:00,87.41
4/5/2018 17:30:00,88.7
4/6/2018 17:30:00,88.97
4/9/2018 17:30:00,88.34
4/10/2018 17:30:00,89.99
4/11/2018 17:30:00,89.87
4/12/2018 17:30:00,89.93
4/13/2018 17:30:00,91.33
4/16/2018 17:30:00,90.66
4/17/2018 17:30:00,91.22
4/18/2018 17:30:00,90.8
4/19/2018 17:30:00,90.88
4/20/2018 17:30:00,91.02
4/23/2018 17:30:00,91.2
4/24/2018 17:30:00,91.13
4/25/2018 17:30:00,89.27
4/26/2018 17:30:00,90.39
4/27/2018 17:30:00,91.5
4/30/2018 17:30:00,92.47
5/2/2018 17:30:00,93.09
5/3/2018 17:30:00,92.16
5/4/2018 17:30:00,91.56
5/7/2018 17:30:00,91.56
5/8/2018 17:30:00,91.94
5/9/2018 17:30:00,91.96
5/10/2018 17:30:00,92.36
5/11/2018 17:30:00,92.18
5/14/2018 17:30:00,91.83
5/15/2018 17:30:00,92.17
5/16/2018 17:30:00,92.16
5/17/2018 17:30:00,93.3
5/18/2018 17:30:00,88.57
5/22/2018 17:30:00,90.83
5/23/2018 17:30:00,89
5/24/2018 17:30:00,87.5
5/25/2018 17:30:00,87.45
5/28/2018 17:30:00,87.22
5/29/2018 17:30:00,86.08
5/30/2018 17:30:00,86.2
5/31/2018 17:30:00,85.38
6/1/2018 17:30:00,85.88
6/4/2018 17:30:00,86.2
6/5/2018 17:30:00,86.59
6/6/2018 17:30:00,87
6/7/2018 17:30:00,86.63
6/8/2018 17:30:00,85.64
6/11/2018 17:30:00,85.38
6/12/2018 17:30:00,85.3
6/13/2018 17:30:00,84.68
6/14/2018 17:30:00,86.27
6/15/2018 17:30:00,85.74
6/18/2018 17:30:00,84.75
6/19/2018 17:30:00,84.06
6/20/2018 17:30:00,83.68
6/21/2018 17:30:00,81.22
6/22/2018 17:30:00,80.31
6/25/2018 17:30:00,78.85
6/26/2018 17:30:00,78.45
6/27/2018 17:30:00,78.61
6/28/2018 17:30:00,77.56
6/29/2018 17:30:00,77.63
7/2/2018 17:30:00,77.73
7/3/2018 17:30:00,77.7
7/4/2018 17:30:00,77.77
7/5/2018 17:30:00,80.66
7/6/2018 17:30:00,80.2
7/9/2018 17:30:00,80.21
7/10/2018 17:30:00,80.01
7/11/2018 17:30:00,78.87
7/12/2018 17:30:00,79.37
7/13/2018 17:30:00,79.62
7/16/2018 17:30:00,79.29
7/17/2018 17:30:00,80.01
7/18/2018 17:30:00,80.8
7/19/2018 17:30:00,80.75
7/20/2018 17:30:00,79.28
7/23/2018 17:30:00,79.93
7/24/2018 17:30:00,81.53
7/25/2018 17:30:00,79.86
7/26/2018 17:30:00,83.39
7/27/2018 17:30:00,82.91
7/30/2018 17:30:00,82.97
7/31/2018 17:30:00,82.69
8/1/2018 17:30:00,81.5
8/2/2018 17:30:00,81.18
8/3/2018 17:30:00,82.34
8/6/2018 17:30:00,83.51
8/7/2018 17:30:00,84.05
8/8/2018 17:30:00,84.48
8/9/2018 17:30:00,84.81
8/10/2018 17:30:00,83.58
8/13/2018 17:30:00,83.29
8/14/2018 17:30:00,82.45
8/15/2018 17:30:00,81.31
8/16/2018 17:30:00,81.8
8/17/2018 17:30:00,81.41
8/20/2018 17:30:00,81.75
8/21/2018 17:30:00,82.93
8/22/2018 17:30:00,82.29
8/23/2018 17:30:00,81.08
8/24/2018 17:30:00,81.29
8/27/2018 17:30:00,83.19
8/28/2018 17:30:00,84.39
8/29/2018 17:30:00,84.23
8/30/2018 17:30:00,84.6
8/31/2018 17:30:00,83.41
9/3/2018 17:30:00,82.79
9/4/2018 17:30:00,81.88
9/5/2018 17:30:00,81.25
9/6/2018 17:30:00,80.73
9/7/2018 17:30:00,81.07
9/10/2018 17:30:00,81.1
9/11/2018 17:30:00,80.76
9/12/2018 17:30:00,81.32
9/13/2018 17:30:00,82.47
9/14/2018 17:30:00,82.93
9/17/2018 17:30:00,82.54
9/18/2018 17:30:00,82.67
9/19/2018 17:30:00,83.54
9/20/2018 17:30:00,85.32
9/21/2018 17:30:00,85.77
9/24/2018 17:30:00,83.5
9/25/2018 17:30:00,79
9/26/2018 17:30:00,79.03
9/27/2018 17:30:00,79
9/28/2018 17:30:00,77.71
10/1/2018 17:30:00,78.14
10/2/2018 17:30:00,78.7
10/4/2018 17:30:00,78.26
10/5/2018 17:30:00,77.68
10/8/2018 17:30:00,76.87
10/9/2018 17:30:00,76.39
10/10/2018 17:30:00,75.35
10/11/2018 17:30:00,74.3
10/12/2018 17:30:00,74.49
10/15/2018 17:30:00,75.21
10/16/2018 17:30:00,75.75
10/17/2018 17:30:00,75.24
10/18/2018 17:30:00,75.13
10/19/2018 17:30:00,74.64
10/22/2018 17:30:00,74.44
10/23/2018 17:30:00,73.5
10/24/2018 17:30:00,72.69
10/25/2018 17:30:00,74.5
10/26/2018 17:30:00,75.02
10/29/2018 17:30:00,76.4
10/30/2018 17:30:00,76.34
10/31/2018 17:30:00,76.23
11/1/2018 17:30:00,76.79
11/2/2018 17:30:00,77.74
11/5/2018 17:30:00,77.23
11/6/2018 17:30:00,76.92
11/7/2018 17:30:00,74.26
11/8/2018 17:30:00,73.86
11/9/2018 17:30:00,73.36
11/12/2018 17:30:00,72.53
11/13/2018 17:30:00,73.9
11/14/2018 17:30:00,74.66
11/15/2018 17:30:00,74.2
11/16/2018 17:30:00,73.74
11/19/2018 17:30:00,74.18
11/20/2018 17:30:00,73.69
11/21/2018 17:30:00,74.32
11/22/2018 17:30:00,73.62
11/23/2018 17:30:00,73.49
11/26/2018 17:30:00,74.87
11/27/2018 17:30:00,73.87
11/28/2018 17:30:00,73.74
11/29/2018 17:30:00,72.85
11/30/2018 17:30:00,72.21
12/3/2018 17:30:00,75.66
12/4/2018 17:30:00,74.43
12/5/2018 17:30:00,74.16
12/6/2018 17:30:00,72.07
12/7/2018 17:30:00,71.71
12/10/2018 17:30:00,70.1
12/11/2018 17:30:00,71.38
12/12/2018 17:30:00,72.77
12/13/2018 17:30:00,74.18
12/14/2018 17:30:00,74.27
12/17/2018 17:30:00,74
12/18/2018 17:30:00,73.47
12/19/2018 17:30:00,73.45
12/20/2018 17:30:00,71.84
12/21/2018 17:30:00,71.93
12/27/2018 17:30:00,69.86
12/28/2018 17:30:00,70.7
1/2/2019 17:30:00,69.74
1/3/2019 17:30:00,69.05
1/4/2019 17:30:00,71.71
1/7/2019 17:30:00,72.12
1/8/2019 17:30:00,72.21
1/9/2019 17:30:00,72.95
1/10/2019 17:30:00,72.53
1/11/2019 17:30:00,71.83
1/14/2019 17:30:00,71.59
1/15/2019 17:30:00,71.62
1/16/2019 17:30:00,71.53
1/17/2019 17:30:00,71.26
1/18/2019 17:30:00,73.34
1/21/2019 17:30:00,73.03
1/22/2019 17:30:00,72.73
1/23/2019 17:30:00,72.23
1/24/2019 17:30:00,73.12
1/25/2019 17:30:00,74.35
1/28/2019 17:30:00,73.98
1/29/2019 17:30:00,73.85
1/30/2019 17:30:00,73.33
1/31/2019 17:30:00,73.46
2/1/2019 17:30:00,74.14
2/4/2019 17:30:00,73.24
2/5/2019 17:30:00,73.61
2/6/2019 17:30:00,73.65
2/7/2019 17:30:00,71.22
2/8/2019 17:30:00,69.53
2/11/2019 17:30:00,69.41
2/12/2019 17:30:00,69.91
2/13/2019 17:30:00,70.39
2/14/2019 17:30:00,69.35
2/15/2019 17:30:00,70.77
2/18/2019 17:30:00,70.59
2/19/2019 17:30:00,71.04
2/20/2019 17:30:00,72.51
2/21/2019 17:30:00,73.12
2/22/2019 17:30:00,73.13
2/25/2019 17:30:00,73.7
2/26/2019 17:30:00,74
2/27/2019 17:30:00,74.24
2/28/2019 17:30:00,74.31
3/1/2019 17:30:00,74.75
3/4/2019 17:30:00,74.67
3/5/2019 17:30:00,75.06
3/6/2019 17:30:00,74.53
3/7/2019 17:30:00,73.09
3/8/2019 17:30:00,72.16
3/11/2019 17:30:00,73.18
3/12/2019 17:30:00,73.1
3/13/2019 17:30:00,73.63
3/14/2019 17:30:00,73.78
3/15/2019 17:30:00,74.09
3/18/2019 17:30:00,74.17
3/19/2019 17:30:00,75.72
3/20/2019 17:30:00,71.98
3/21/2019 17:30:00,71.15
3/22/2019 17:30:00,69.6
3/25/2019 17:30:00,68.92
3/26/2019 17:30:00,67.91
3/27/2019 17:30:00,68.23
3/28/2019 17:30:00,67.89
3/29/2019 17:30:00,68.75
4/1/2019 17:30:00,69.7
4/2/2019 17:30:00,71.25
4/3/2019 17:30:00,72.58
4/4/2019 17:30:00,73.34
4/5/2019 17:30:00,73.79
4/8/2019 17:30:00,73.57
4/9/2019 17:30:00,73.2
4/10/2019 17:30:00,73.19
4/11/2019 17:30:00,73.51
4/12/2019 17:30:00,75.29
4/15/2019 17:30:00,75.65
4/16/2019 17:30:00,76.4
4/17/2019 17:30:00,77.25
4/18/2019 17:30:00,77.75
4/23/2019 17:30:00,77.5
4/24/2019 17:30:00,76.47
4/25/2019 17:30:00,75.78
4/26/2019 17:30:00,76.2
4/29/2019 17:30:00,75.89
4/30/2019 17:30:00,75.9